threshold,Sharpe,Return [%],Max DD [%],# Trades
0.0002,-1.111372,-1.279507,-5.568314,2
0.00039999999999999996,1.961478,2.347671,-2.397543,1
0.0006,,0.0,-0.0,0
0.0007999999999999999,,0.0,-0.0,0
0.001,,0.0,-0.0,0
0.0012000000000000001,,0.0,-0.0,0
0.0014,,0.0,-0.0,0
0.0015999999999999999,,0.0,-0.0,0
0.0018,,0.0,-0.0,0
0.002,,0.0,-0.0,0
